Título,Salário
Coordenador,R$ 10 mil - R$ 13 mil /mês
Assistente Administrativo,R$ 2 mil - R$ 3 mil /mês
Supervisor,R$ 5 mil - R$ 7 mil /mês
Analista Pleno,R$ 4 mil - R$ 6 mil /mês
Analista,R$ 3 mil - R$ 4 mil /mês
Operador De Produção,R$ 2 mil - R$ 2 mil /mês
Especialista,R$ 8 mil - R$ 13 mil /mês
Operador,R$ 2 mil - R$ 2 mil /mês
Analista Júnior,R$ 2 mil - R$ 3 mil /mês
Analista De Marketing,R$ 3 mil - R$ 6 mil /mês
Estagiário,R$ 1 mil - R$ 2 mil /mês
Auxiliar Administrativo,R$ 2 mil - R$ 2 mil /mês
Monitor De Produção,R$ 5 mil - R$ 6 mil /mês
Estagiário,R$ 1 mil - R$ 1 mil /mês
Técnico De Manutenção Elétrica,R$ 4 mil - R$ 6 mil /mês
Analista Financeiro,R$ 3 mil - R$ 5 mil /mês
Supervisor/Coordenador,R$ 5 mil - R$ 11 mil /mês
Aprendiz,R$ 1 mil - R$ 1 mil /mês
Analista Administrativo Júnior,R$ 3 mil - R$ 7 mil /mês
Comprador Pleno,R$ 4 mil - R$ 5 mil /mês
Operador De Produção II,R$ 2 mil - R$ 5 mil /mês
Comprador Júnior,R$ 4 mil - R$ 4 mil /mês
Líder De Equipe,R$ 2 mil - R$ 5 mil /mês
Engenheiro De Processos,R$ 10 mil - R$ 13 mil /mês
Coordenador Florestal,R$ 9 mil - R$ 10 mil /mês
Líder De Produção,R$ 3 mil - R$ 5 mil /mês
Operador De Empilhadeira,R$ 2 mil - R$ 3 mil /mês
Coordenador De Produção,R$ 7 mil - R$ 12 mil /mês
Técnico Mecânico,R$ 4 mil - R$ 7 mil /mês
Auxiliar Florestal,R$ 2 mil - R$ 2 mil /mês
Operador De Máquinas,R$ 2 mil - R$ 13 mil /mês
Estagiário Superior,R$ 1 mil - R$ 2 mil /mês
Analista Fiscal Júnior,R$ 3 mil - R$ 4 mil /mês
Analista De Engenharia Júnior,R$ 4 mil - R$ 4 mil /mês
Mecânico,R$ 3 mil - R$ 3 mil /mês
Técnico De Controle De Qualidade Júnior,R$ 3 mil - R$ 22 mil /mês
Analista,R$ 2 mil - R$ 9 mil /mês
Analista De Planejamento Sênior,R$ 5 mil - R$ 7 mil /mês
Jovem Aprendiz,R$ 666 - R$ 85 mil /mês
Gerente,R$ 10 mil - R$ 25 mil /mês
Advogado Pleno,R$ 5 mil - R$ 6 mil /mês
Especialista De Marketing,R$ 9 mil - R$ 11 mil /mês
Operador De Produção III,R$ 3 mil - R$ 3 mil /mês
Controlador De Operações,R$ 2 mil - R$ 4 mil /mês
Operador 2 de produção,R$ 2 mil - R$ 3 mil /mês
Faturista,R$ 2 mil - R$ 2 mil /mês
Jovem Aprendiz,R$ 900 - R$ 970 /mês
Analista Administrativo,R$ 2 mil - R$ 4 mil /mês
Motorista De Caminhão,R$ 3 mil - R$ 3 mil /mês
Técnico Eletromecânico,R$ 5 mil - R$ 5 mil /mês
Vendas,R$ 12 mil - R$ 12 mil /mês
Analista De Melhoria Contínua Pleno,R$ 4 mil - R$ 4 mil /mês
Analista de PPCM pleno,R$ 5 mil - R$ 7 mil /mês
Técnico De Manutenção I,R$ 2 mil - R$ 3 mil /mês
Supervisor De Produção,R$ 5 mil - R$ 5 mil /mês
Analista De Contratos,R$ 3 mil - R$ 6 mil /mês
Coordenador De Produção,R$ 12 mil - R$ 12 mil /mês
Especialista Em Segurança Do Trabalho,R$ 6 mil - R$ 7 mil /mês
Técnico De Segurança Do Trabalho,R$ 4 mil - R$ 5 mil /mês
Jovem Aprendiz,R$ 665 - R$ 917 /mês
Assistente De Logística,R$ 2 mil - R$ 3 mil /mês
Supervisor/Coordenador,R$ 5 mil - R$ 14 mil /mês
Analista De Manutenção Júnior,R$ 3 mil - R$ 3 mil /mês
Analista De Custos Pleno,R$ 4 mil - R$ 4 mil /mês
Programador De Manutenção,R$ 5 mil - R$ 6 mil /mês
Analista De Processos Júnior,R$ 5 mil - R$ 5 mil /mês
Técnico Em Automação Pleno,R$ 5 mil - R$ 5 mil /mês
Comprador,R$ 6 mil - R$ 8 mil /mês
Advogado Sênior,R$ 9 mil - R$ 12 mil /mês
Analista Administrativo Pleno,R$ 4 mil - R$ 4 mil /mês
Técnico,R$ 3 mil - R$ 9 mil /mês
Técnico Em Manutenção Elétrica,R$ 4 mil - R$ 5 mil /mês
Auxiliar De Serviços Gerais/Auxiliar De Conferente,R$ 1 mil - R$ 1 mil /mês
Vendedor,R$ 5 mil - R$ 6 mil /mês
Aprendiz,R$ 720 - R$ 900 /mês
Comprador Sênior,R$ 6 mil - R$ 7 mil /mês
Coordenador Administrativo,R$ 9 mil - R$ 28 mil /mês
Analista De Logística Júnior,R$ 2 mil - R$ 5 mil /mês
Administrative Assistant,R$ 2 mil - R$ 2 mil /mês
Operador De Produção,R$ 2 mil - R$ 2 mil /mês
Inspetor De QUalidade,R$ 2 mil - R$ 3 mil /mês
Auditor Sênior,R$ 7 mil - R$ 7 mil /mês
Vendedor Técnico,R$ 5 mil - R$ 8 mil /mês
Ajudante Geral,R$ 2 mil - R$ 2 mil /mês
Operador De Processos De Produção,R$ 2 mil - R$ 2 mil /mês
Técnico Em Segurança Do Trabalho,R$ 3 mil - R$ 3 mil /mês
Operador De ETA E ETE,R$ 2 mil - R$ 2 mil /mês
Técnico De Controle De Qualidade,R$ 2 mil - R$ 3 mil /mês
Operador De Máquinas,R$ 2 mil - R$ 2 mil /mês
Analista De Meio Ambiente Pleno,R$ 4 mil - R$ 5 mil /mês
Advogado Sênior,R$ 4 mil - R$ 5 mil /mês
Coordenador De PCM,R$ 12 mil - R$ 14 mil /mês
Analista PPCM Sênior,R$ 13 mil - R$ 14 mil /mês
Auxiliar logística 1,R$ 1 mil - R$ 1 mil /mês
Agse Director,R$ 1 mil - R$ 1 mil /mês
Técnico Em Manutenção Sênior,R$ 5 mil - R$ 6 mil /mês
A D M,R$ 2 mil - R$ 3 mil /mês
Coordenador De RH E Facilities,R$ 13 mil - R$ 14 mil /mês
Técnico De Laboratório,R$ 2 mil - R$ 2 mil /mês
Analista De Planejamento De Manutenção,R$ 5 mil - R$ 6 mil /mês
Especialista Em Saúde E Segurança Do Trabalho,R$ 12 mil - R$ 13 mil /mês
Operador I,R$ 2 mil - R$ 2 mil /mês
Jovem Aprendiz Auxiliar Administrativo,R$ 645 - R$ 693 /mês
Commercial Operations,R$ 2 mil - R$ 2 mil /mês
Analista De Planejamento,R$ 4 mil - R$ 5 mil /mês
Supervisor De Manutenção,R$ 7 mil - R$ 7 mil /mês
Líder De Operações Florestais,R$ 2 mil - R$ 2 mil /mês
Operador De Processos De Produção II,R$ 2 mil - R$ 2 mil /mês
Operador De Empilhadeira Líder,R$ 2 mil - R$ 2 mil /mês
Auxiliar de Logística 1,R$ 2 mil - R$ 2 mil /mês
Analista Financeiro Júnior,R$ 3 mil - R$ 3 mil /mês
Almoxarife III,R$ 3 mil - R$ 3 mil /mês
Coordenador De Compras,R$ 9 mil - R$ 10 mil /mês
Generalista de Recursos Humanos,R$ 4 mil - R$ 5 mil /mês
Assistente De PCM,R$ 2 mil - R$ 3 mil /mês
Assistente Administrativo E Manutenção Júnior,R$ 2 mil - R$ 2 mil /mês
Analista de melhoria contínua e sgi pleno,R$ 5 mil - R$ 5 mil /mês
Coordenação,R$ 10 mil - R$ 10 mil /mês
Comprador Sr,R$ 8 mil - R$ 8 mil /mês
Op de producao,R$ 2 mil - R$ 2 mil /mês
Analista De Logística,R$ 2 mil - R$ 3 mil /mês
Almoxarife I,R$ 2 mil - R$ 2 mil /mês
Analista De Laboratório Sênior,R$ 2 mil - R$ 3 mil /mês
Programador De Manutenção Júnior,R$ 4 mil - R$ 4 mil /mês
Analista de PPCM pleno,R$ 6 mil - R$ 6 mil /mês
Prestador de servicios tercerizado,R$ 1 mil - R$ 1 mil /mês
Operador De ETA E ETE,R$ 1 mil - R$ 2 mil /mês
Coordenador MASSO,R$ 12 mil - R$ 13 mil /mês
Especialista Remuneracao e beneficios,R$ 24 mil - R$ 26 mil /mês
Operador De Linha De BP,R$ 2 mil - R$ 3 mil /mês
Analista Meio Ambiente Sênior,R$ 8 mil - R$ 9 mil /mês
Coordenador De Compras,R$ 10 mil - R$ 10 mil /mês
Analista De Qualidade E Processos Pleno,R$ 4 mil - R$ 4 mil /mês
Jovem Aprendiz,R$ 686 - R$ 743 /mês
Estagiário - TI,R$ 1 mil - R$ 2 mil /mês
Auxiliar,R$ 2 mil - R$ 2 mil /mês
Tratorista,R$ 1 mil - R$ 1 mil /mês
Jovem Aprendiz De Logística,R$ 964 - R$ 1 mil /mês
Analista De Manutenção Sênior,R$ 6 mil - R$ 7 mil /mês
Analista De PCP Pleno,R$ 4 mil - R$ 4 mil /mês
Técnico Mecânico Industrial,R$ 3 mil - R$ 4 mil /mês
Auxiliar De Manutenção,R$ 2 mil - R$ 2 mil /mês
Operador de ETE I,R$ 2 mil - R$ 2 mil /mês
Coordenador De Manutenção,R$ 11 mil - R$ 12 mil /mês
Analista Sênior,R$ 7 mil - R$ 7 mil /mês
Engenheiro De Segurança Do Trabalho,R$ 11 mil - R$ 11 mil /mês
Engenheiro De Manutenção,R$ 12 mil - R$ 12 mil /mês
Fiscal,R$ 2 mil - R$ 2 mil /mês
Analista Tributário Pleno,R$ 4 mil - R$ 4 mil /mês
Coordenador De Qualidade,R$ 11 mil - R$ 12 mil /mês
Analista De Segurança,R$ 3 mil - R$ 3 mil /mês
Analista De Gestão De Pessoas,R$ 2 mil - R$ 3 mil /mês
Analista de comércio exterior jr,R$ 4 mil - R$ 4 mil /mês
Assistente Jurídico,R$ 2 mil - R$ 2 mil /mês
Técnico De Manutenção Elétrica Sênior,R$ 7 mil - R$ 8 mil /mês
Inspetor De QUalidade,R$ 2 mil - R$ 2 mil /mês
Operador De Produção De Painéis II,R$ 2 mil - R$ 2 mil /mês
Analista De Materiais Júnior,R$ 3 mil - R$ 3 mil /mês
Operador De Produção Operação III,R$ 2 mil - R$ 3 mil /mês
Analista Comercial,R$ 3 mil - R$ 3 mil /mês
Supervisor Operacional,R$ 5 mil - R$ 6 mil /mês
Planejador,R$ 4 mil - R$ 4 mil /mês
Comprador S%C3%AAnior,R$ 7 mil - R$ 8 mil /mês
Analista florestal Pleno,R$ 3 mil - R$ 3 mil /mês
Analista De PCP Sênior,R$ 7 mil - R$ 8 mil /mês
Técnico De Manutenção Elétrica Júnior,R$ 3 mil - R$ 3 mil /mês
Analista Ambiental,R$ 3 mil - R$ 3 mil /mês
Líder Operacional,R$ 5 mil - R$ 5 mil /mês
Supervisor/Coordenador segurança do trabalho,R$ 17 mil - R$ 18 mil /mês
Líder,R$ 5 mil - R$ 5 mil /mês
Analista De Mercado Pleno,R$ 5 mil - R$ 5 mil /mês
Analista De Vendas,R$ 3 mil - R$ 3 mil /mês
Técnico Em Manutenção Preditiva,R$ 7 mil - R$ 8 mil /mês
Auxiliar De Compras,R$ 2 mil - R$ 2 mil /mês
Operador de ETE/Eta,R$ 33 mil - R$ 36 mil /mês
Assistente Administrativo,R$ 1 mil - R$ 1 mil /mês
Coordenador,R$ 8 mil - R$ 9 mil /mês
Comprador Júnior moda,R$ 4 mil - R$ 4 mil /mês
Gerente De Marketing,R$ 879 - R$ 949 /mês
Analista De Logística I,R$ 2 mil - R$ 3 mil /mês
Ajudante De Produção,R$ 2 mil - R$ 2 mil /mês
Técnico automação industrial,R$ 6 mil - R$ 7 mil /mês
"Coordenador de Meio Ambiente, Certificação e Comunidades",R$ 16 mil - R$ 18 mil /mês
Técnico De Operação,R$ 2 mil - R$ 2 mil /mês
Técnico A,R$ 1 mil - R$ 2 mil /mês
Operador de reator de resinas II,R$ 3 mil - R$ 3 mil /mês
Analista Tributário Júnior,R$ 3 mil - R$ 4 mil /mês
Técnico De Controle De Qualidade Pleno,R$ 3 mil - R$ 3 mil /mês
Analista De Gestão De Fornecedores,R$ 3 mil - R$ 4 mil /mês
Estagiário De Administração,R$ 966 - R$ 1 mil /mês
Analista De Merchandising Júnior,R$ 3 mil - R$ 4 mil /mês
Sales Administrator,R$ 3 mil - R$ 3 mil /mês
Operador De Empilhadeira,R$ 1 mil - R$ 1 mil /mês
Coordenador De Compras E Importação,R$ 20 mil - R$ 22 mil /mês
Operador De Maquinas,R$ 1 mil - R$ 2 mil /mês
Técnico Mecânico Júnior,R$ 3 mil - R$ 3 mil /mês
Coordenador Contábil,R$ 7 mil - R$ 7 mil /mês
Silvicultura,R$ 1 mil - R$ 1 mil /mês
Motorista D,R$ 2 mil - R$ 2 mil /mês
Estagiário De Nível Médio,R$ 1 mil - R$ 1 mil /mês
Menor Aprendiz,R$ 1 mil - R$ 1 mil /mês
Advogado Júnior,R$ 5 mil - R$ 6 mil /mês
Supervisor/Coordenador Supervisor Fiscal,R$ 5 mil - R$ 5 mil /mês
Auxiliar Topografo,R$ 1 mil - R$ 2 mil /mês
técnico de papel e celulose,R$ 6 mil - R$ 6 mil /mês
Líder De Operações II,R$ 4 mil - R$ 4 mil /mês
Analista Senior,R$ 6 mil - R$ 7 mil /mês
Coordenador Administrativo,R$ 8 mil - R$ 9 mil /mês
Auxiliar De Produção Industrial,R$ 1 mil - R$ 1 mil /mês
Op empilhadeira,R$ 2 mil - R$ 2 mil /mês
Assistente Administrativo Pleno,R$ 2 mil - R$ 2 mil /mês
Analista De Administração De Vendas,R$ 4 mil - R$ 4 mil /mês
Analista De Responsabilidade Social Pleno,R$ 9 mil - R$ 9 mil /mês
Tratorista De Transbordo,R$ 2 mil - R$ 2 mil /mês
Técnico,R$ 7 mil - R$ 8 mil /mês
Líder De Produção Industrial,R$ 6 mil - R$ 6 mil /mês
Gerente De Manutenção,R$ 14 mil - R$ 16 mil /mês
Analista De PCM,R$ 3 mil - R$ 3 mil /mês
Técnico Em Controle De Qualidade,R$ 2 mil - R$ 2 mil /mês
Auxiliar Logístico,R$ 2 mil - R$ 2 mil /mês
Analista de PPCM Junior,R$ 4 mil - R$ 4 mil /mês
Técnico De Manutenção Elétrica Pleno,R$ 5 mil - R$ 5 mil /mês
Marketing Coordinator,R$ 18 mil - R$ 20 mil /mês
Operador De Logística,R$ 2 mil - R$ 2 mil /mês
Operador De Painel,R$ 2 mil - R$ 2 mil /mês
Técnico Florestal,R$ 2 mil - R$ 2 mil /mês
Operador De Máquinas Agrícolas I,R$ 2 mil - R$ 2 mil /mês
Analista De Transporte Júnior,R$ 3 mil - R$ 3 mil /mês
Supervisor Florestal,R$ 4 mil - R$ 4 mil /mês
Técnico De Manutenção,R$ 3 mil - R$ 3 mil /mês
Assitente administrativo,R$ 3 mil - R$ 3 mil /mês
Coordenador Financeiro,R$ 11 mil - R$ 12 mil /mês
Analísta pleno,R$ 5 mil - R$ 5 mil /mês
Analista Sênior De Marketing,R$ 9 mil - R$ 9 mil /mês
Analista TI,R$ 7 mil - R$ 7 mil /mês
Analista De Suporte Júnior,R$ 3 mil - R$ 3 mil /mês
Analista De PCM Sênior,R$ 6 mil - R$ 7 mil /mês
Almoxarife,R$ 2 mil - R$ 3 mil /mês
Analista De Marketing Júnior,R$ 3 mil - R$ 3 mil /mês
Operdor de produção,R$ 6 mil - R$ 7 mil /mês
Operador De Painel,R$ 2 mil - R$ 3 mil /mês
Gerente De Manutenção Industrial,R$ 19 mil - R$ 20 mil /mês
Técnico Em Química,R$ 2 mil - R$ 2 mil /mês
Vendedor Técnico Comercial,R$ 5 mil - R$ 6 mil /mês
Motorista I,R$ 2 mil - R$ 2 mil /mês
Assistente De Laboratório Industrial,R$ 3 mil - R$ 3 mil /mês
Controlador,R$ 2 mil - R$ 2 mil /mês
Analista Senior De Marketing,R$ 8 mil - R$ 9 mil /mês
Assistente Administrativo,R$ 2 mil - R$ 2 mil /mês
TEC manutenção I,R$ 3 mil - R$ 3 mil /mês
Analista Sênior,R$ 4 mil - R$ 5 mil /mês
Almoxarife II,R$ 2 mil - R$ 2 mil /mês
Advogada Sênior de compliance,R$ 10 mil - R$ 11 mil /mês
Analista De Suprimentos,R$ 3 mil - R$ 4 mil /mês
Auxiliar De Operação,R$ 2 mil - R$ 2 mil /mês
Auxiliar De Serviços Gerais/Auxiliar De Produção,R$ 1 mil - R$ 1 mil /mês
Motorista Entregador,R$ 3 mil - R$ 3 mil /mês
Analista De Engenharia,R$ 7 mil - R$ 7 mil /mês
Configuration Developer,R$ 2 mil - R$ 3 mil /mês
Computer Hardware And Software,R$ 2 mil - R$ 3 mil /mês
Auxiliar De Serviços Gerais/Auxiliar De Conferente,R$ 2 mil - R$ 2 mil /mês
Operador De Máquinas II,R$ 2 mil - R$ 2 mil /mês
Analista De Planejamento Pleno,R$ 5 mil - R$ 6 mil /mês
Operador De Produção I,R$ 2 mil - R$ 2 mil /mês
Alimentador De Produção,R$ 1 mil - R$ 1 mil /mês
Analista De Negócios,R$ 7 mil - R$ 7 mil /mês
Operador De Caixa,R$ 2 mil - R$ 2 mil /mês
Analista De Recursos Humanos (RH),R$ 4 mil - R$ 4 mil /mês
Analista De PPCM Sênior,R$ 6 mil - R$ 7 mil /mês
Gerente De Marketing Sênior,R$ 24 mil - R$ 26 mil /mês
Técnico Segurança Do Trabalho,R$ 57 mil - R$ 61 mil /mês
Analista De Contratos Pleno,R$ 4 mil - R$ 5 mil /mês
Técnico De Automação Pleno,R$ 5 mil - R$ 6 mil /mês
Almoxarife 3,R$ 4 mil - R$ 5 mil /mês
Gerente Manutenção,R$ 29 mil - R$ 31 mil /mês
Operador De Pá Carregadeira,R$ 3 mil - R$ 3 mil /mês
Analista Jr,R$ 4 mil - R$ 5 mil /mês
Engenheiro De Manutenção Pleno,R$ 9 mil - R$ 10 mil /mês
Analista De Comércio Exterior Júnior,R$ 4 mil - R$ 4 mil /mês
Analista De Processos De Produção,R$ 4 mil - R$ 4 mil /mês
Assistente Financeiro,R$ 6 mil - R$ 6 mil /mês
Técnico De Automação Elétrica,R$ 6 mil - R$ 6 mil /mês
Analista De Negócios TI,R$ 7 mil - R$ 7 mil /mês
Liderança,R$ 16 mil - R$ 18 mil /mês
Técnico Em Mecânica,R$ 3 mil - R$ 3 mil /mês
Planejador De Manutenção,R$ 3 mil - R$ 3 mil /mês
Mecânico De Manutenção,R$ 2 mil - R$ 2 mil /mês
GIS Analyst,R$ 398 - R$ 434 /mês
consultora,R$ 5 mil - R$ 5 mil /mês
Assistente Administrativo Júnior,R$ 2 mil - R$ 2 mil /mês
Jovem Aprendiz Administrativo,R$ 1 mil - R$ 1 mil /mês
Técnico Mecânico Pleno,R$ 4 mil - R$ 5 mil /mês
Técnico Mecânico I,R$ 3 mil - R$ 3 mil /mês
Tecnico Manutenção Mecânica,R$ 5 mil - R$ 5 mil /mês
Analista Ambiental Júnior,R$ 4 mil - R$ 4 mil /mês
Piping Supervisor,R$ 10 mil - R$ 10 mil /mês
Assistente,R$ 2 mil - R$ 2 mil /mês
Analista De Engenharia Pleno,R$ 10 mil - R$ 11 mil /mês
Analista De Planejamento Comercial Sênior,R$ 7 mil - R$ 8 mil /mês
Planejador De Manutenção Pleno,R$ 4 mil - R$ 4 mil /mês
Consultor De Vendas,R$ 2 mil - R$ 2 mil /mês
Analista De Manutenção Júnior,R$ 6 mil - R$ 7 mil /mês
Coordenador De Processos E Qualidade,R$ 10 mil - R$ 11 mil /mês
Silvicultura,R$ 2 mil - R$ 2 mil /mês
Técnico De Controle De Qualidade Júnior,R$ 2 mil - R$ 3 mil /mês
Operador Produção 2,R$ 2 mil - R$ 2 mil /mês
Gerente Comercial,R$ 19 mil - R$ 21 mil /mês
Operador De Empilhadeira II,R$ 2 mil - R$ 2 mil /mês
Técnico Em Suporte Técnico,R$ 4 mil - R$ 4 mil /mês
Operador De Máquinas Operatrizes,R$ 2 mil - R$ 2 mil /mês
Gerente De Qualidade E Processos,R$ 14 mil - R$ 16 mil /mês
Inspetor De Qualidade I,R$ 2 mil - R$ 2 mil /mês
Coordenador De Comércio Exterior,R$ 9 mil - R$ 10 mil /mês
Técnico Controle de Qualidade,R$ 2 mil - R$ 3 mil /mês
Analista Contábil Sênior,R$ 7 mil - R$ 8 mil /mês
SSO,R$ 5 mil - R$ 5 mil /mês
Técnico Em Manutenção Mecânica,R$ 3 mil - R$ 3 mil /mês
Auxiliar De Produção,R$ 1 mil - R$ 1 mil /mês
Coordenador De Produção Industrial,R$ 10 mil - R$ 10 mil /mês
Analista De Engenharia Sênior,R$ 7 mil - R$ 8 mil /mês
Supervisão,R$ 5 mil - R$ 6 mil /mês
Coordenador De Marketing,R$ 5 mil - R$ 5 mil /mês
Jovens aprendiz,R$ 863 - R$ 936 /mês
Líder FLORESTAL,R$ 3 mil - R$ 3 mil /mês
Analista De Merchandising,R$ 3 mil - R$ 4 mil /mês
Gestão,R$ 18 mil - R$ 20 mil /mês
Analista Júnior,R$ 3 mil - R$ 4 mil /mês
Assitente administrativo,R$ 948 - R$ 1 mil /mês
Operador produção 1,R$ 1 mil - R$ 1 mil /mês
Auxiliar Administrativo PCD,R$ 2 mil - R$ 2 mil /mês
Gerente Financeiro,R$ 17 mil - R$ 19 mil /mês
Jovem Aprendiz Administrativo,R$ 112 - R$ 122 /mês
Analista De RH Pleno,R$ 5 mil - R$ 5 mil /mês
Auxiliar De Produção,R$ 2 mil - R$ 2 mil /mês
Analista De Geoprocessamento Pleno,R$ 5 mil - R$ 5 mil /mês
Engenheiro De Segurança Do Trabalho,R$ 7 mil - R$ 8 mil /mês
Operador De Produção II,R$ 2 mil - R$ 2 mil /mês
Coordenador logistica,R$ 14 mil - R$ 16 mil /mês
Logística,R$ 2 mil - R$ 2 mil /mês
Assistente De Manutenção,R$ 2 mil - R$ 3 mil /mês
Técnico Controle Qualidade E Laboratório Jr,R$ 3 mil - R$ 3 mil /mês
Auxiliar De Logística L,R$ 1 mil - R$ 1 mil /mês
Laboratorista,R$ 2 mil - R$ 2 mil /mês
Análista PCM,R$ 3 mil - R$ 3 mil /mês
Analista PPCM,R$ 8 mil - R$ 9 mil /mês
Técnico Eletricista Sênior,R$ 8 mil - R$ 9 mil /mês
Coordenador De Processos De Produção,R$ 7 mil - R$ 7 mil /mês
Gerente De Marketing,R$ 24 mil - R$ 26 mil /mês
Técnico De Manutenção De Mecânica,R$ 2 mil - R$ 3 mil /mês
Engenheiro De Manutenção,R$ 8 mil - R$ 9 mil /mês
Advogado,R$ 7 mil - R$ 7 mil /mês
